{
  "training_config": {
    "epochs": 25,
    "batch_size": 32,
    "learning_rate": 0.001,
    "window_size": 30,
    "hidden_channels": 64,
    "device": "cpu",
    "test_mode": false
  },
  "final_metrics": {
    "accuracy": 0.8940027894002789,
    "precision": 0.9023885324856604,
    "recall": 0.8940027894002789,
    "f1": 0.897434885412001,
    "rul_mae": 13.79386128275298,
    "confusion_matrix": [
      [
        488,
        36,
        0
      ],
      [
        17,
        72,
        13
      ],
      [
        0,
        10,
        81
      ]
    ],
    "roc_auc": 0.9755942813281728
  },
  "comparison_metrics": {
    "gnn": {
      "model": "GNN Fusion",
      "accuracy": 0.8940027894002789,
      "precision": 0.9023885324856604,
      "recall": 0.8940027894002789,
      "f1": 0.897434885412001,
      "false_positive_rate": 0.0502092050209205,
      "missed_failure_rate": 0.0,
      "critical_detection_rate": 0.8901098901098901,
      "confusion_matrix": [
        [
          488,
          36,
          0
        ],
        [
          17,
          72,
          13
        ],
        [
          0,
          10,
          81
        ]
      ]
    },
    "threshold": {
      "model": "Threshold",
      "accuracy": 0.7712691771269177,
      "precision": 0.8365595983450284,
      "recall": 0.7712691771269177,
      "f1": 0.7912827459805811,
      "false_positive_rate": 0.11157601115760112,
      "missed_failure_rate": 0.0,
      "critical_detection_rate": 0.5714285714285714,
      "confusion_matrix": [
        [
          444,
          80,
          0
        ],
        [
          45,
          57,
          0
        ],
        [
          0,
          39,
          52
        ]
      ]
    },
    "early_warning_lead_time": {
      "gnn": 11.89010989010989,
      "threshold": 11.89010989010989,
      "improvement": 0.0
    },
    "comparison_summary": {
      "accuracy_improvement": 0.12273361227336121,
      "f1_improvement": 0.10615213943141988,
      "false_positive_reduction": 0.061366806136680614,
      "missed_failure_reduction": 0.0
    }
  },
  "roi_metrics": {
    "assumptions": {
      "downtime_cost_per_hour": 10000,
      "maintenance_cost": 2000,
      "machines_monitored": 100,
      "avg_failures_per_year": 5,
      "avg_unplanned_downtime_hours": 8,
      "planned_maintenance_downtime_hours": 2
    },
    "threshold_annual_cost": {
      "downtime_cost": 0.0,
      "false_alarm_cost": 244351.46443514642,
      "total": 244351.46443514642
    },
    "gnn_annual_cost": {
      "downtime_cost": 0.0,
      "false_alarm_cost": 109958.1589958159,
      "total": 109958.1589958159
    },
    "annual_savings": {
      "downtime_prevented": 0.0,
      "false_alarm_reduction": 134393.30543933052,
      "early_warning_bonus": 0.0,
      "total": 134393.30543933052
    },
    "roi_percentage": 54.99977491530471
  },
  "training_history": {
    "train_loss": [
      79.40513356526692,
      42.05460006925795,
      9.822704622480604,
      7.771137470669217,
      6.926200093163384,
      6.743560303582085,
      5.651485747761196,
      5.883251733250088,
      5.741274152861701,
      5.820485014385647,
      5.4509413931104875,
      5.430703552563985,
      5.333861054314507,
      5.36822460492452,
      5.228602504730224,
      5.270501912964715,
      5.155860379007128,
      4.980774182743496,
      5.166737466388279,
      4.790331223275927,
      5.0570895353953045,
      4.764156103134155,
      4.633925359778934,
      4.918880097071329,
      4.714395570755005
    ],
    "train_acc": [
      0.6612059951202509,
      0.8309515510630882,
      0.8194492854653189,
      0.8459393516904845,
      0.847682119205298,
      0.8501219937260369,
      0.8529104217497386,
      0.8487277797141861,
      0.8403624956430812,
      0.8421052631578947,
      0.8504705472289996,
      0.8529104217497386,
      0.8438480306727083,
      0.8508191007319623,
      0.8494248867201115,
      0.8556988497734402,
      0.85953293830603,
      0.8581387242941791,
      0.860578598814918,
      0.8623213663297317,
      0.851167654234925,
      0.8612757058208435,
      0.8623213663297317,
      0.85953293830603,
      0.8626699198326944
    ],
    "val_f1": [
      0.8687545255402521,
      0.7495089006219876,
      0.8232083809262443,
      0.8323031890703293,
      0.8691055240594574,
      0.8538093031619446,
      0.8787297476872398,
      0.8832525167171585,
      0.8772712862182143,
      0.8738966359101482,
      0.8904050625080806,
      0.8862104049207224,
      0.8913550840085481,
      0.8850016112124052,
      0.8892521964230794,
      0.8918021533030228,
      0.8914968434307341,
      0.8894712078932384,
      0.8967293489390683,
      0.8940346277406687,
      0.8955614874161872,
      0.8879986213982964,
      0.8842430741158152,
      0.8872727292155109,
      0.897434885412001
    ]
  },
  "timestamp": "2026-02-15T08:23:37.404858"
}